vertices,time,obj,iter,time,obj,iter,
43,0.149875879,398,365,0.75694418,398,179,fractional
93,0.272386074,564,475,4.202051878,564,1017,fractional
143,4.196768999,907,3720,8.522496939,907,3120,fractional
193,4.046416998,1196,8973,82.39746308,1196,7771,fractional
243,9.574243069,1645,13792,49.1146481,1645,9642,fractional
293,16.24299598,1807,12784,78.39994311,1807,14346,fractional
343,19.70856094,2071,20397,300,0,0,fractional
393,59.08784795,2383,45017,75.82639098,2383,41738,fractional
443,53.18846607,2720,25485,89.35377192,2720,42299,fractional